-- Seed data exported from PostgreSQL for SQLite
-- Generated on 2026-02-18

-- Property (13 rows)
INSERT INTO Property (id, name, address, city, postalCode, country, latitude, longitude, smoobuId, internalId, registrationInfo, ownerName, ownerContact, caretakerId, payoutAccountId, notes, status, createdAt, updatedAt, bedrooms, rent, rentDueDay, tenancyType, airbnbEmail, airbnbPassword, bookingComEmail, bookingComPassword, rentSourceAccountId, tenantEmail, tenantName, tenantPhone, dailyRate) VALUES ('cmjvwrpcy0000rf6u6rcbjxho', 'Stoke', 'Flat 28, Hackworth House', 'London', 'N16 5QL', 'United Kingdom', 51.568123, -0.076361, '3093151', NULL, NULL, NULL, NULL, NULL, NULL, NULL, 'ACTIVE', '2026-01-01T20:39:26.242Z', '2026-01-03T20:25:20.498Z', 3, 1400, 5, 'OTHER', 'aussie.hamza@gmail.com', 'Jilani123', NULL, NULL, NULL, 'aussie.hamza@gmail.com', 'Hamza', '+447474466456', NULL);
INSERT INTO Property (id, name, address, city, postalCode, country, latitude, longitude, smoobuId, internalId, registrationInfo, ownerName, ownerContact, caretakerId, payoutAccountId, notes, status, createdAt, updatedAt, bedrooms, rent, rentDueDay, tenancyType, airbnbEmail, airbnbPassword, bookingComEmail, bookingComPassword, rentSourceAccountId, tenantEmail, tenantName, tenantPhone, dailyRate) VALUES ('cmjzig1ok000rrffz4n7n6kcq', 'Spey', '11 Spey Street ', 'London', 'E14 6PP', 'United Kingdom', 51.51655359999999, -0.0113398, NULL, NULL, NULL, NULL, NULL, NULL, NULL, NULL, 'ACTIVE', '2026-01-04T09:09:32.418Z', '2026-01-04T09:09:32.418Z', 4, 1050, 1, 'GUARDIANSHIP', NULL, NULL, NULL, NULL, NULL, NULL, 'Simon Barrow', NULL, NULL);
INSERT INTO Property (id, name, address, city, postalCode, country, latitude, longitude, smoobuId, internalId, registrationInfo, ownerName, ownerContact, caretakerId, payoutAccountId, notes, status, createdAt, updatedAt, bedrooms, rent, rentDueDay, tenancyType, airbnbEmail, airbnbPassword, bookingComEmail, bookingComPassword, rentSourceAccountId, tenantEmail, tenantName, tenantPhone, dailyRate) VALUES ('cmjzihs4z000trffzuqcno393', 'Kilburn', '65 Crone Court, floor 8', 'London', 'NW6 5BX', 'United Kingdom', 51.5333394, -0.2006239, NULL, NULL, NULL, NULL, NULL, NULL, NULL, NULL, 'ACTIVE', '2026-01-04T09:10:53.362Z', '2026-01-04T09:10:53.362Z', 3, 1050, 7, 'GUARDIANSHIP', NULL, NULL, NULL, NULL, NULL, NULL, 'William Awomoyi', NULL, NULL);
INSERT INTO Property (id, name, address, city, postalCode, country, latitude, longitude, smoobuId, internalId, registrationInfo, ownerName, ownerContact, caretakerId, payoutAccountId, notes, status, createdAt, updatedAt, bedrooms, rent, rentDueDay, tenancyType, airbnbEmail, airbnbPassword, bookingComEmail, bookingComPassword, rentSourceAccountId, tenantEmail, tenantName, tenantPhone, dailyRate) VALUES ('cmjzinqbv000zrffzvv9ybz63', 'West Brompton Flat 3', 'Flat 3, 188-190 Finborough Road, London', 'London', 'SW10 9BA', 'United Kingdom', 51.4883219, -0.192315, NULL, NULL, NULL, NULL, NULL, NULL, NULL, NULL, 'ACTIVE', '2026-01-04T09:15:30.954Z', '2026-01-04T09:15:30.954Z', 4, 1900, 1, 'GUARDIANSHIP', NULL, NULL, NULL, NULL, NULL, NULL, 'Celine Li', NULL, NULL);
INSERT INTO Property (id, name, address, city, postalCode, country, latitude, longitude, smoobuId, internalId, registrationInfo, ownerName, ownerContact, caretakerId, payoutAccountId, notes, status, createdAt, updatedAt, bedrooms, rent, rentDueDay, tenancyType, airbnbEmail, airbnbPassword, bookingComEmail, bookingComPassword, rentSourceAccountId, tenantEmail, tenantName, tenantPhone, dailyRate) VALUES ('cmjzip53r0011rffz3nf8y62n', 'West Brompton Flat 5', 'Flat 5b, 184-190 Finborough Road', 'London', 'SW10 9BA', 'United Kingdom', 51.4880585, -0.1918807, NULL, NULL, NULL, NULL, NULL, NULL, NULL, NULL, 'ACTIVE', '2026-01-04T09:16:36.759Z', '2026-01-04T09:16:36.759Z', 4, 1800, 1, 'GUARDIANSHIP', NULL, NULL, NULL, NULL, NULL, NULL, 'Silmi Syed', NULL, NULL);
INSERT INTO Property (id, name, address, city, postalCode, country, latitude, longitude, smoobuId, internalId, registrationInfo, ownerName, ownerContact, caretakerId, payoutAccountId, notes, status, createdAt, updatedAt, bedrooms, rent, rentDueDay, tenancyType, airbnbEmail, airbnbPassword, bookingComEmail, bookingComPassword, rentSourceAccountId, tenantEmail, tenantName, tenantPhone, dailyRate) VALUES ('cmjziqlks0013rffz7ef5p58k', 'Valencia Tower', '47 Valencia Tower ', 'London', 'EC1V2AP', 'United Kingdom', 51.5289039, -0.09510339999999999, NULL, NULL, NULL, NULL, NULL, NULL, NULL, NULL, 'ACTIVE', '2026-01-04T09:17:44.764Z', '2026-01-04T09:17:44.764Z', 3, 5300, 13, 'AST', NULL, NULL, NULL, NULL, NULL, NULL, 'Celine Li, Clara Bale', NULL, NULL);
INSERT INTO Property (id, name, address, city, postalCode, country, latitude, longitude, smoobuId, internalId, registrationInfo, ownerName, ownerContact, caretakerId, payoutAccountId, notes, status, createdAt, updatedAt, bedrooms, rent, rentDueDay, tenancyType, airbnbEmail, airbnbPassword, bookingComEmail, bookingComPassword, rentSourceAccountId, tenantEmail, tenantName, tenantPhone, dailyRate) VALUES ('cmjzj7dkd0015rffz8i7xc1kh', 'Geneva', 'Rue des Glacis-de-Rive 19', 'Geneva', '1207', 'Switzerland', 46.199676, 6.154999, NULL, NULL, NULL, NULL, NULL, NULL, NULL, NULL, 'ACTIVE', '2026-01-04T09:30:47.525Z', '2026-01-04T09:30:47.525Z', 1, 1300, 1, 'AST', NULL, NULL, NULL, NULL, NULL, NULL, 'Celine Li', NULL, NULL);
INSERT INTO Property (id, name, address, city, postalCode, country, latitude, longitude, smoobuId, internalId, registrationInfo, ownerName, ownerContact, caretakerId, payoutAccountId, notes, status, createdAt, updatedAt, bedrooms, rent, rentDueDay, tenancyType, airbnbEmail, airbnbPassword, bookingComEmail, bookingComPassword, rentSourceAccountId, tenantEmail, tenantName, tenantPhone, dailyRate) VALUES ('cmjzj9j3q0017rffzsbkw21pe', 'Westbourne Terrace', 'Flat 4, Leonard Court, 68 Westbourne Terrace', 'London', 'W2 3UF', 'United Kingdom', 51.515359, -0.179493, NULL, NULL, NULL, NULL, NULL, NULL, NULL, NULL, 'ACTIVE', '2026-01-04T09:32:28.021Z', '2026-01-04T09:32:28.021Z', 2, 3290, 8, 'AST', NULL, NULL, NULL, NULL, NULL, NULL, 'Clara Bale, Celine Li', NULL, NULL);
INSERT INTO Property (id, name, address, city, postalCode, country, latitude, longitude, smoobuId, internalId, registrationInfo, ownerName, ownerContact, caretakerId, payoutAccountId, notes, status, createdAt, updatedAt, bedrooms, rent, rentDueDay, tenancyType, airbnbEmail, airbnbPassword, bookingComEmail, bookingComPassword, rentSourceAccountId, tenantEmail, tenantName, tenantPhone, dailyRate) VALUES ('cmjzjbbsd0019rffzorkwhfwg', 'New Wharf Road', 'Flat 103, Albert Dock 17A New Wharf Road', 'London', 'N1 9RB', 'United Kingdom', 51.5348008, -0.1204024, NULL, NULL, NULL, NULL, NULL, NULL, NULL, NULL, 'ACTIVE', '2026-01-04T09:33:51.853Z', '2026-01-04T09:33:51.853Z', 4, 6066.67, 16, 'AST', NULL, NULL, NULL, NULL, NULL, NULL, 'Clara Bale, Celine Li', NULL, NULL);
INSERT INTO Property (id, name, address, city, postalCode, country, latitude, longitude, smoobuId, internalId, registrationInfo, ownerName, ownerContact, caretakerId, payoutAccountId, notes, status, createdAt, updatedAt, bedrooms, rent, rentDueDay, tenancyType, airbnbEmail, airbnbPassword, bookingComEmail, bookingComPassword, rentSourceAccountId, tenantEmail, tenantName, tenantPhone, dailyRate) VALUES ('cmjzjhxnm001brffz9twuwb1b', 'Basement', '72-72 Eversholt street ', 'London', 'NW1 1BY', 'United Kingdom', 51.5297887, -0.1332713, NULL, NULL, NULL, NULL, NULL, NULL, NULL, NULL, 'ACTIVE', '2026-01-04T09:39:00.124Z', '2026-01-04T09:39:00.124Z', 1, 1200, 15, 'COMMERCIAL', NULL, NULL, NULL, NULL, NULL, NULL, 'Kiki Ajayi', NULL, NULL);
INSERT INTO Property (id, name, address, city, postalCode, country, latitude, longitude, smoobuId, internalId, registrationInfo, ownerName, ownerContact, caretakerId, payoutAccountId, notes, status, createdAt, updatedAt, bedrooms, rent, rentDueDay, tenancyType, airbnbEmail, airbnbPassword, bookingComEmail, bookingComPassword, rentSourceAccountId, tenantEmail, tenantName, tenantPhone, dailyRate) VALUES ('cmjzjjuc7001drffzysvkfadt', 'Islington', 'Fieldview Court  Flat 3 Highbury Grove Islington ', 'London', 'N5 2AL', 'United Kingdom', 51.551628, -0.0978513, NULL, NULL, NULL, NULL, NULL, NULL, NULL, NULL, 'ACTIVE', '2026-01-04T09:40:29.142Z', '2026-01-04T09:40:29.142Z', 1, 300, 5, 'OTHER', NULL, NULL, NULL, NULL, NULL, NULL, 'Hamza ', NULL, NULL);
INSERT INTO Property (id, name, address, city, postalCode, country, latitude, longitude, smoobuId, internalId, registrationInfo, ownerName, ownerContact, caretakerId, payoutAccountId, notes, status, createdAt, updatedAt, bedrooms, rent, rentDueDay, tenancyType, airbnbEmail, airbnbPassword, bookingComEmail, bookingComPassword, rentSourceAccountId, tenantEmail, tenantName, tenantPhone, dailyRate) VALUES ('cmjzijblp000vrffzecrrfuwa', 'Chadbourne', '61 Chadbourn Street', 'London', 'E146QP', 'United Kingdom', 51.5169674, -0.0141011, NULL, NULL, NULL, NULL, NULL, NULL, NULL, NULL, 'MAINTENANCE', '2026-01-04T09:12:05.238Z', '2026-01-09T01:14:03.783Z', 1, 825, 1, 'GUARDIANSHIP', NULL, NULL, NULL, NULL, NULL, NULL, 'Clara Bale', NULL, NULL);
INSERT INTO Property (id, name, address, city, postalCode, country, latitude, longitude, smoobuId, internalId, registrationInfo, ownerName, ownerContact, caretakerId, payoutAccountId, notes, status, createdAt, updatedAt, bedrooms, rent, rentDueDay, tenancyType, airbnbEmail, airbnbPassword, bookingComEmail, bookingComPassword, rentSourceAccountId, tenantEmail, tenantName, tenantPhone, dailyRate) VALUES ('cmjzimaea000xrffz2q4ygh6a', 'Zetland', '17 Zetland Street ', 'London', 'E146PR', 'United Kingdom', 51.5172953, -0.0125291, NULL, NULL, NULL, NULL, NULL, NULL, NULL, NULL, 'INACTIVE', '2026-01-04T09:14:23.649Z', '2026-01-09T01:14:03.788Z', 4, 1020, 1, 'GUARDIANSHIP', NULL, NULL, NULL, NULL, NULL, NULL, 'Silmi Syed', NULL, NULL);

-- Booking (4 rows)
INSERT INTO Booking (id, propertyId, smoobuId, guestName, guestEmail, guestPhone, checkIn, checkOut, numGuests, totalAmount, source, status, notes, syncedAt, createdAt, updatedAt) VALUES ('cmk66nu620001rfetmo388t88', 'cmjvwrpcy0000rf6u6rcbjxho', NULL, 'John Smith', 'john@example.com', NULL, '2026-01-09T00:00:00Z', '2026-01-12T00:00:00Z', 1, NULL, 'AIRBNB', 'CONFIRMED', NULL, NULL, '2026-01-09T01:14:03.77Z', '2026-01-09T01:14:03.77Z');
INSERT INTO Booking (id, propertyId, smoobuId, guestName, guestEmail, guestPhone, checkIn, checkOut, numGuests, totalAmount, source, status, notes, syncedAt, createdAt, updatedAt) VALUES ('cmk66nu6c0003rfetl1jc50l3', 'cmjzig1ok000rrffz4n7n6kcq', NULL, 'Emma Wilson', 'emma@example.com', NULL, '2026-01-11T00:00:00Z', '2026-01-15T00:00:00Z', 1, NULL, 'BOOKING_COM', 'CONFIRMED', NULL, NULL, '2026-01-09T01:14:03.78Z', '2026-01-09T01:14:03.78Z');
INSERT INTO Booking (id, propertyId, smoobuId, guestName, guestEmail, guestPhone, checkIn, checkOut, numGuests, totalAmount, source, status, notes, syncedAt, createdAt, updatedAt) VALUES ('cmk66nu6d0005rfet8uh8le69', 'cmjzihs4z000trffzuqcno393', NULL, 'Michael Brown', 'michael@example.com', NULL, '2026-01-08T00:00:00Z', '2026-01-11T00:00:00Z', 1, NULL, 'DIRECT', 'CHECKED_IN', NULL, NULL, '2026-01-09T01:14:03.781Z', '2026-01-09T01:14:03.781Z');
INSERT INTO Booking (id, propertyId, smoobuId, guestName, guestEmail, guestPhone, checkIn, checkOut, numGuests, totalAmount, source, status, notes, syncedAt, createdAt, updatedAt) VALUES ('cmk66nu6d0007rfet1qtz7ob7', 'cmjziqlks0013rffz7ef5p58k', NULL, 'Sarah Davis', 'sarah@example.com', NULL, '2026-01-10T00:00:00Z', '2026-01-15T00:00:00Z', 1, NULL, 'AIRBNB', 'CONFIRMED', NULL, NULL, '2026-01-09T01:14:03.782Z', '2026-01-09T01:14:03.782Z');

-- PropertyImage (28 rows)
INSERT INTO PropertyImage (id, propertyId, filePath, fileName, caption, "order", createdAt) VALUES ('cmjymevua0003rffza8avi2qe', 'cmjvwrpcy0000rf6u6rcbjxho', '/uploads/gallery/cmjvwrpcy0000rf6u6rcbjxho/1767463970479-y4ozx6.png', 'Gemini_Generated_Image_muxntvmuxntvmuxn.png', NULL, 0, '2026-01-03T18:12:50.482Z');
INSERT INTO PropertyImage (id, propertyId, filePath, fileName, caption, "order", createdAt) VALUES ('cmjymevvd0005rffztiunw373', 'cmjvwrpcy0000rf6u6rcbjxho', '/uploads/gallery/cmjvwrpcy0000rf6u6rcbjxho/1767463970518-aups5.png', 'Gemini_Generated_Image_39wg1c39wg1c39wg.png', NULL, 1, '2026-01-03T18:12:50.521Z');
INSERT INTO PropertyImage (id, propertyId, filePath, fileName, caption, "order", createdAt) VALUES ('cmjymevvn0007rffzbt55bsz3', 'cmjvwrpcy0000rf6u6rcbjxho', '/uploads/gallery/cmjvwrpcy0000rf6u6rcbjxho/1767463970523-6p0kwl.png', 'Gemini_Generated_Image_6d8a9u6d8a9u6d8a.png', NULL, 2, '2026-01-03T18:12:50.531Z');
INSERT INTO PropertyImage (id, propertyId, filePath, fileName, caption, "order", createdAt) VALUES ('cmjymevvw0009rffzlgasz76q', 'cmjvwrpcy0000rf6u6rcbjxho', '/uploads/gallery/cmjvwrpcy0000rf6u6rcbjxho/1767463970533-oyrsdm.png', 'Gemini_Generated_Image_kb2mv8kb2mv8kb2m.png', NULL, 3, '2026-01-03T18:12:50.54Z');
INSERT INTO PropertyImage (id, propertyId, filePath, fileName, caption, "order", createdAt) VALUES ('cmjymevw6000brffzeorfgxfx', 'cmjvwrpcy0000rf6u6rcbjxho', '/uploads/gallery/cmjvwrpcy0000rf6u6rcbjxho/1767463970544-34f65.png', 'Gemini_Generated_Image_t5s0n4t5s0n4t5s0 (1).png', NULL, 4, '2026-01-03T18:12:50.55Z');
INSERT INTO PropertyImage (id, propertyId, filePath, fileName, caption, "order", createdAt) VALUES ('cmjymevwf000drffz3mzt6v1h', 'cmjvwrpcy0000rf6u6rcbjxho', '/uploads/gallery/cmjvwrpcy0000rf6u6rcbjxho/1767463970551-7tembf.png', 'Gemini_Generated_Image_effgpheffgpheffg.png', NULL, 5, '2026-01-03T18:12:50.559Z');
INSERT INTO PropertyImage (id, propertyId, filePath, fileName, caption, "order", createdAt) VALUES ('cmjymevwo000frffz9kcgvdjh', 'cmjvwrpcy0000rf6u6rcbjxho', '/uploads/gallery/cmjvwrpcy0000rf6u6rcbjxho/1767463970561-xl7mm.png', 'Gemini_Generated_Image_leptt0leptt0lept.png', NULL, 6, '2026-01-03T18:12:50.568Z');
INSERT INTO PropertyImage (id, propertyId, filePath, fileName, caption, "order", createdAt) VALUES ('cmjymevww000hrffzhxtiugoj', 'cmjvwrpcy0000rf6u6rcbjxho', '/uploads/gallery/cmjvwrpcy0000rf6u6rcbjxho/1767463970571-3va9le.png', 'Gemini_Generated_Image_4huolr4huolr4huo.png', NULL, 7, '2026-01-03T18:12:50.577Z');
INSERT INTO PropertyImage (id, propertyId, filePath, fileName, caption, "order", createdAt) VALUES ('cmjymevx7000jrffzw0ne9t4t', 'cmjvwrpcy0000rf6u6rcbjxho', '/uploads/gallery/cmjvwrpcy0000rf6u6rcbjxho/1767463970579-qs71fs.png', 'Gemini_Generated_Image_36jcql36jcql36jc.png', NULL, 8, '2026-01-03T18:12:50.587Z');
INSERT INTO PropertyImage (id, propertyId, filePath, fileName, caption, "order", createdAt) VALUES ('cmjymevxj000lrffzk90d9d40', 'cmjvwrpcy0000rf6u6rcbjxho', '/uploads/gallery/cmjvwrpcy0000rf6u6rcbjxho/1767463970589-yx7pnk.png', 'Gemini_Generated_Image_rk1lsurk1lsurk1l.png', NULL, 9, '2026-01-03T18:12:50.599Z');
INSERT INTO PropertyImage (id, propertyId, filePath, fileName, caption, "order", createdAt) VALUES ('cmjymevxu000nrffzz9r6sn2i', 'cmjvwrpcy0000rf6u6rcbjxho', '/uploads/gallery/cmjvwrpcy0000rf6u6rcbjxho/1767463970601-l3woe.png', 'Gemini_Generated_Image_b9aw1lb9aw1lb9aw (1).png', NULL, 10, '2026-01-03T18:12:50.611Z');
INSERT INTO PropertyImage (id, propertyId, filePath, fileName, caption, "order", createdAt) VALUES ('cmjymevyb000prffzg1urre8n', 'cmjvwrpcy0000rf6u6rcbjxho', '/uploads/gallery/cmjvwrpcy0000rf6u6rcbjxho/1767463970614-2r7jhp.png', 'Gemini_Generated_Image_uzl9owuzl9owuzl9.png', NULL, 11, '2026-01-03T18:12:50.628Z');
INSERT INTO PropertyImage (id, propertyId, filePath, fileName, caption, "order", createdAt) VALUES ('cmljx39760001rf4q6839m14p', 'cmjzj9j3q0017rffzsbkw21pe', '/uploads/gallery/cmjzj9j3q0017rffzsbkw21pe/1770928475725-ofz61k.png', 'Screenshot 2026-01-06 at 13.38.46.png', NULL, 0, '2026-02-12T20:34:35.728Z');
INSERT INTO PropertyImage (id, propertyId, filePath, fileName, caption, "order", createdAt) VALUES ('cmljx399m0003rf4qymjcfgu3', 'cmjzj9j3q0017rffzsbkw21pe', '/uploads/gallery/cmjzj9j3q0017rffzsbkw21pe/1770928475814-z44nf.png', 'Screenshot 2026-01-06 at 13.38.30.png', NULL, 1, '2026-02-12T20:34:35.818Z');
INSERT INTO PropertyImage (id, propertyId, filePath, fileName, caption, "order", createdAt) VALUES ('cmljx399u0005rf4qo0u5oq8g', 'cmjzj9j3q0017rffzsbkw21pe', '/uploads/gallery/cmjzj9j3q0017rffzsbkw21pe/1770928475819-8z7prv.png', 'Screenshot 2026-01-06 at 13.37.38.png', NULL, 2, '2026-02-12T20:34:35.826Z');
INSERT INTO PropertyImage (id, propertyId, filePath, fileName, caption, "order", createdAt) VALUES ('cmljx39a00007rf4q7qkrsax6', 'cmjzj9j3q0017rffzsbkw21pe', '/uploads/gallery/cmjzj9j3q0017rffzsbkw21pe/1770928475829-jtba2.png', 'Screenshot 2026-01-06 at 13.37.21.png', NULL, 3, '2026-02-12T20:34:35.833Z');
INSERT INTO PropertyImage (id, propertyId, filePath, fileName, caption, "order", createdAt) VALUES ('cmljx39a70009rf4q79w9yyoz', 'cmjzj9j3q0017rffzsbkw21pe', '/uploads/gallery/cmjzj9j3q0017rffzsbkw21pe/1770928475835-6509ec.png', 'Screenshot 2026-01-06 at 13.36.52.png', NULL, 4, '2026-02-12T20:34:35.839Z');
INSERT INTO PropertyImage (id, propertyId, filePath, fileName, caption, "order", createdAt) VALUES ('cmljx39ac000brf4qfgalg3ln', 'cmjzj9j3q0017rffzsbkw21pe', '/uploads/gallery/cmjzj9j3q0017rffzsbkw21pe/1770928475841-yx4aq.png', 'Screenshot 2026-01-06 at 13.36.25.png', NULL, 5, '2026-02-12T20:34:35.845Z');
INSERT INTO PropertyImage (id, propertyId, filePath, fileName, caption, "order", createdAt) VALUES ('cmljx39ep000drf4qlj7x3kgj', 'cmjzj9j3q0017rffzsbkw21pe', '/uploads/gallery/cmjzj9j3q0017rffzsbkw21pe/1770928475884-31e6tc.png', '24b1dcf3-8034-400f-8cdc-2b0574d93533.png', NULL, 6, '2026-02-12T20:34:36.002Z');
INSERT INTO PropertyImage (id, propertyId, filePath, fileName, caption, "order", createdAt) VALUES ('cmljx39hi000frf4q114a2r5y', 'cmjzj9j3q0017rffzsbkw21pe', '/uploads/gallery/cmjzj9j3q0017rffzsbkw21pe/1770928476089-oi9gjm.png', '515365cf-9a32-4484-a427-a94ceedc9ec1.png', NULL, 7, '2026-02-12T20:34:36.103Z');
INSERT INTO PropertyImage (id, propertyId, filePath, fileName, caption, "order", createdAt) VALUES ('cmljx39i3000hrf4qyhgwyexh', 'cmjzj9j3q0017rffzsbkw21pe', '/uploads/gallery/cmjzj9j3q0017rffzsbkw21pe/1770928476116-7jzre.png', 'Gemini_Generated_Image_sjrovxsjrovxsjro.png', NULL, 8, '2026-02-12T20:34:36.123Z');
INSERT INTO PropertyImage (id, propertyId, filePath, fileName, caption, "order", createdAt) VALUES ('cmljx39ih000jrf4qpoqziq3q', 'cmjzj9j3q0017rffzsbkw21pe', '/uploads/gallery/cmjzj9j3q0017rffzsbkw21pe/1770928476127-1l85u.png', 'Gemini_Generated_Image_rkenfirkenfirken.png', NULL, 9, '2026-02-12T20:34:36.137Z');
INSERT INTO PropertyImage (id, propertyId, filePath, fileName, caption, "order", createdAt) VALUES ('cmljxce37000lrf4qf6l1m3an', 'cmjzinqbv000zrffzvv9ybz63', '/uploads/gallery/cmjzinqbv000zrffzvv9ybz63/1770928901967-gy571k.png', 'Gemini_Generated_Image_p9n1qgp9n1qgp9n1.png', NULL, 0, '2026-02-12T20:41:41.972Z');
INSERT INTO PropertyImage (id, propertyId, filePath, fileName, caption, "order", createdAt) VALUES ('cmljxce4c000nrf4qoz7qfb97', 'cmjzinqbv000zrffzvv9ybz63', '/uploads/gallery/cmjzinqbv000zrffzvv9ybz63/1770928902005-gdzl7l.png', 'Gemini_Generated_Image_hioajahioajahioa.png', NULL, 1, '2026-02-12T20:41:42.013Z');
INSERT INTO PropertyImage (id, propertyId, filePath, fileName, caption, "order", createdAt) VALUES ('cmljxce4n000prf4qcell7qmv', 'cmjzinqbv000zrffzvv9ybz63', '/uploads/gallery/cmjzinqbv000zrffzvv9ybz63/1770928902015-ea7nyw.png', 'Gemini_Generated_Image_7sp7tq7sp7tq7sp7.png', NULL, 2, '2026-02-12T20:41:42.023Z');
INSERT INTO PropertyImage (id, propertyId, filePath, fileName, caption, "order", createdAt) VALUES ('cmljxce6j000trf4qhhlde8d4', 'cmjzinqbv000zrffzvv9ybz63', '/uploads/gallery/cmjzinqbv000zrffzvv9ybz63/1770928902085-6emz8.png', 'Gemini_Generated_Image_elvoybelvoybelvo.png', NULL, 4, '2026-02-12T20:41:42.091Z');
INSERT INTO PropertyImage (id, propertyId, filePath, fileName, caption, "order", createdAt) VALUES ('cmljxce6w000vrf4q0s8lbcd7', 'cmjzinqbv000zrffzvv9ybz63', '/uploads/gallery/cmjzinqbv000zrffzvv9ybz63/1770928902096-qwmv4o.png', 'Gemini_Generated_Image_nrdjtnrdjtnrdjtn.png', NULL, 5, '2026-02-12T20:41:42.104Z');
INSERT INTO PropertyImage (id, propertyId, filePath, fileName, caption, "order", createdAt) VALUES ('cmljxce7s000xrf4qtfd6t82q', 'cmjzinqbv000zrffzvv9ybz63', '/uploads/gallery/cmjzinqbv000zrffzvv9ybz63/1770928902132-1jcndi.png', 'Gemini_Generated_Image_59k7pe59k7pe59k7.png', NULL, 6, '2026-02-12T20:41:42.136Z');

-- Document (1 row)
INSERT INTO Document (id, propertyId, name, filePath, fileType, category, notes, createdAt, updatedAt) VALUES ('cmjui13wu0001rfvwsqx5ty77', NULL, 'Screenshot 2025-12-27 at 17.46.53.png', '/uploads/documents/1767214744587-Screenshot 2025-12-27 at 17.46.53.png', 'image/png', 'OTHER', NULL, '2025-12-31T20:59:04.59Z', '2025-12-31T20:59:04.59Z');
